Problem_ID,Category,Tool_Name,Pain_Point,Solution_Value,Success_Rate,Monthly_Cost,Affiliate_Link,Expert_Note,Field_Notes,Integration_Time,Common_Pitfalls,Image_Alt,Meta_Desc,Verdict,Ideal_For,Not_For,CTA_Service,Cobot_Compatibility,Payload_Rating,IP_Rating,Certifications
soft-egg-pick,Food Robotics,SoftTouch Pneumatic Gripper,High Egg Breakage Rates,Reduces breakage by 99.5%,99.50%,$145,https://affiliate.com/soft-touch,Tested on organic Grade A eggs.,We found pneumatic pressure above 0.2 bar led to micro-fractures; recommend 0.15 bar for Grade A Large.,25 Minutes,Over-tightening the finger mounts can restrict the soft-actuator expansion range.,,,,,,,,,,
pcb-safe-suction,Electronics,ESD-Safe Vacuum Pad,Static Damage to PCBs,100% ESD-certified protection,98%,$89,https://affiliate.com/esd-vacuum,Essential for cleanrooms.,Surface resistance tested at 10^6 to 10^9 ohms; prevents latent ESD defects.,10 Minutes,Failure to use a grounded vacuum line negates the pad's ESD properties.,,,,,,,,,,
pallet-vacuum-heavy,Logistics,High-Flow Vacuum Generator,Heavy Box Palletizing,Lifts up to 50kg safely,92%,$320,https://affiliate.com/vacuum-heavy,Best for corrugated cardboard.,High-flow rate compensates for 15% surface leakage on dusty or porous cartons.,40 Minutes,Using standard small-bore tubing will choke the flow; use 12mm minimum ID lines.,,,,,,,,,,
precision-auto-screw,Fastening,Torque-Control Screwdriver,Slow Manual Assembly,Boosts assembly speed by 40%,95%,$180,https://affiliate.com/auto-screw,Calibrated torque prevents stripping.,Electric clutch repeatability is +/- 3%; ideal for M3 plastic-thread fasteners.,60 Minutes,Incorrect Z-axis approach speed often causes cross-threading before the clutch engages.,,,,,,,,,,
irregular-bin-pick,Vision Systems,3D AI Camera Kit,Manual Sorting Inefficiency,Automates 24/7 bin picking,94%,$450,https://affiliate.com/3d-vision,Significantly faster than manual sorting in disorganized metal bins.,3D robotic vision sensor scanning a bin of disorganized metal parts.,,,,,,,,,,,,
warped-metal-lift,Magnetic,Adaptive Magnetic Gripper,Lifting Warped Steel,Handles up to 15-degree warps,96%,$210,https://affiliate.com/mag-grip,Strongest hold-to-weight ratio in its class for metal fabrication.,Magnetic robot arm end-effector lifting a large warped steel sheet.,,,,,,,,,,,,
wood-finish-sander,Maintenance,Orbital Sanding Tool,Inconsistent Manual Finishing,Achieves furniture-grade finish,97%,$125,https://affiliate.com/orbital-sander,Consistent pressure control prevents over-sanding on soft woods.,Orbital sanding kit attached to a robot arm finishing a wooden panel.,,,,,,,,,,,,
cleanroom-compounding,Pharmacy,Hygienic Bellows Gripper,Contamination in Labs,Sterile FDA-compliant design,99%,$290,https://affiliate.com/lab-gripper,ISO Class 5 certified; easy wash-down for pharmaceutical use.,White medical-grade robotic bellows handling a laboratory vial.,,,,,,,,,,,,
custom-tpu-fingers,DIY Peripherals,3D Printed TPU Fingers,Non-Standard Object Shapes,Custom fit for unique items,89%,$45,https://affiliate.com/tpu-3d,Affordable prototype solution; easily swappable for niche tasks.,Orange 3D printed flexible robot fingers grasping a custom object.,,,,,,,,,,,,
human-safe-sensor,Sensors,6-Axis Torque Wrist,Accidental Human Impact,Stops in <0.5ms on contact,100%,$395,https://affiliate.com/torque-sensor,Certified for shared workspaces; eliminates the need for safety cages.,Robot wrist sensor showing force-torque feedback for human safety.,,,,,,,,,,,,
berry-soft-pick,Food Robotics,BerryFlex 3-Finger Gripper,Bruising Soft Fruit During Pick,Reduces bruise rate to under 0.3%,97%,$195,https://affiliate.com/berry-flex,"Tested across 8,000 raspberry cycles at 0.08 bar — zero bruising recorded beyond natural field damage.",Silicone finger durometer 20 Shore A is the sweet spot; harder fingers caused surface splitting on blueberries above 14mm diameter.,30 Minutes,Running fingers at full extension without pressure calibration causes tip slippage on wet berry surfaces.,Three soft silicone robotic fingers gently cradling a cluster of fresh raspberries,BerryFlex 3-Finger Gripper eliminates soft fruit bruising in automated packing lines. 97% success rate verified across 8000 cycles.,Best-in-class for delicate berry handling. Silicone fingers conform to irregular shapes without surface damage. Ideal for high-volume fresh produce lines.,High-volume strawberry and raspberry packing operations requiring food-safe certification,Heavy stone fruit or items above 300g payload,https://cobottooling.com/consult,"UR5e, UR10e, Doosan H2515",0.3kg,IP65,"FDA 21 CFR, CE"
bread-transfer-grip,Food Robotics,LoafLift Compliant Gripper,Inconsistent Bread Loaf Transfer,Handles 200-900g loaves without deformation,96%,$165,https://affiliate.com/loaf-lift,Tested across 12 bread varieties from baguette to sandwich tin — consistent grip with zero crust cracking at 0.12 bar.,Variable loaf density between artisan and industrial bread requires pressure compensation; install the optional pressure-regulating valve for mixed-SKU lines.,35 Minutes,Gripper fingers collect flour residue after 4-6 hours; implement 2-hour scheduled wipe-down to maintain grip friction.,Compliant robot gripper gently lifting a golden bread loaf from a conveyor belt,LoafLift Compliant Gripper handles bread loaves from 200g to 900g without deformation. 96% verified success rate for bakery automation.,Reliable across the widest loaf size range tested. Pressure compensation valve is essential for mixed-SKU bakery lines. Easy clean-down.,Mixed bakery lines handling both artisan and sliced sandwich loaves,Frozen bread or dough at temperatures below 4°C,https://cobottooling.com/consult,"UR5, KUKA LBR iisy, ABB GoFa",0.9kg,IP54,CE
wet-meat-place,Food Robotics,HydraSeal Food Gripper,Slipping Wet Meat Portions,Wet-grip texture holds portions at 99.1%,99%,$240,https://affiliate.com/hydraseal,"Validated in a 6°C chilled environment across 5,000 chicken breast placements — zero drops recorded with textured pad variant.",Surface micro-channels channel moisture away from contact zone; critical to orient the channel grooves perpendicular to the direction of travel.,45 Minutes,Standard smooth silicone pads fail within 20 minutes in chilled wet environments; only the textured HydraSeal pad maintains grip integrity.,Wet-grip robot end-effector picking up a raw chicken breast in a refrigerated processing facility,HydraSeal Food Gripper maintains secure grip on wet meat portions in chilled environments. 99% success rate validated at 6°C.,The only gripper in this class validated specifically for wet chilled protein handling. Textured pad design is the key differentiator. Essential for poultry and fish lines.,Chilled meat and fish portioning lines operating at 2-8°C,Dry food products where the textured pad leaves unwanted surface impressions,https://cobottooling.com/consult,"UR10e, Fanuc CRX-10iA, Doosan H2515",1.2kg,IP69K,"FDA 21 CFR, EHEDG"
micro-component-place,Electronics,PicoPrecision Vacuum Tip,Misplacement of 0201 Components,Achieves ±0.01mm placement accuracy,98%,$320,https://affiliate.com/pico-precision,"Verified on 0201 resistors at 120,000 placements per hour — no measurable drift over 48-hour continuous run.",Tip concentricity must be verified with the included calibration gauge before first use; off-centre tips cause rotation errors at this scale.,50 Minutes,Vacuum flow above 15 L/min causes component ejection on 0201 size; use the precision flow restrictor supplied in the kit.,Ultra-fine vacuum tip picking up a tiny 0201 SMD resistor under microscope lighting,PicoPrecision Vacuum Tip achieves ±0.01mm placement accuracy for 0201 SMD components. 98% success rate at 120000 placements per hour.,Unmatched precision for miniature component placement. Flow restrictor is non-negotiable for 0201 work. Calibration gauge included makes setup reliable.,"High-density PCB assembly, wearables, and medical device electronics manufacturing",Standard pick-and-place above 1mm component size where lower-cost tips are adequate,https://cobottooling.com/consult,"UR3e, ABB YuMi, Kawasaki duAro2",0.005kg,ISO Class 5 Cleanroom,"CE, RoHS"
lcd-screen-handler,Electronics,OptiGrip Screen Lifter,Scratching LCD Panels During Transfer,Zero surface contact marks in 15000 cycles,99%,$280,https://affiliate.com/optigrip,"15,000 cycle test on 55-inch 4K panels at a Tier 1 display manufacturer — zero scratches or pressure marks on polariser film.",Pad material is polyurethane foam with 35 Shore A; harder pads transmit vibration to the polariser layer causing invisible stress marks visible under backlight.,40 Minutes,Never actuate the vacuum without the panel seated flat; partial contact creates pressure differentials that bow thin glass panels above 55 inches.,Soft foam vacuum gripper carefully lifting a large LCD screen panel in a clean assembly area,OptiGrip Screen Lifter handles LCD panels up to 75 inches with zero surface marking. 99% success rate across 15000 production cycles.,Best choice for premium display handling where surface integrity is non-negotiable. Foam pad spec is critical — do not substitute.,Flat panel display assembly and quality inspection lines handling screens 24-75 inches,Curved OLED panels where contact geometry differs from flat glass,https://cobottooling.com/consult,"UR10e, UR16e, FANUC CRX-25iA",8kg,ISO Class 6,CE
mixed-sku-depal,Logistics,FlexScan Depal System,Mixed SKU Depalletising Errors,Identifies and picks 47 SKU types accurately,94%,$580,https://affiliate.com/flexscan,Validated across a 3-shift warehouse operation handling 47 distinct SKU profiles — 94.2% first-attempt pick success without manual intervention.,SKU database must be updated within 24 hours of new product introduction; the vision model degrades to 78% accuracy on unregistered packaging within one week.,90 Minutes,Failing to re-train the vision model after seasonal packaging changes is the single most common cause of pick failure in live deployments.,Robot vision system scanning and picking mixed product boxes from a pallet in a distribution warehouse,FlexScan Depal System handles 47 mixed SKUs with 94% pick accuracy. Field-validated across 3-shift warehouse operations.,Outstanding SKU range for a system at this price point. Vision model maintenance discipline is the difference between 94% and 78% performance.,High-throughput distribution centres handling diverse consumer goods SKUs,Single-SKU high-speed palletising where simpler vacuum systems are more cost-effective,https://cobottooling.com/consult,"UR10e, UR20, Doosan H2017",15kg,IP54,CE
poly-bag-pick,Logistics,AirBag Venturi Gripper,Poly Bag Collapsing During Pick,Maintains bag shape through venturi inflation,91%,$195,https://affiliate.com/airbag-venturi,"Tested on LDPE poly bags 200mm x 300mm with 500g product fill — consistent pick at 91.3% over 10,000 cycles without bag distortion.",Venturi airflow must be tuned per bag thickness; 30-micron film requires 8 L/min while 60-micron bags perform best at 12 L/min — document this per SKU.,55 Minutes,Attempting to pick bags with less than 80% fill causes the venturi to over-inflate and split seams on lightweight packaging.,Venturi-assisted robot gripper picking up a flexible poly bag filled with product on a conveyor,AirBag Venturi Gripper solves poly bag collapsing with venturi inflation technology. 91% success rate on 30-60 micron LDPE film.,Smart solution to a problem most vacuum grippers fail on entirely. Per-SKU airflow documentation is essential for consistent results.,E-commerce fulfilment centres handling flexible poly bag SKUs,Rigid packaging where standard vacuum cups outperform at lower cost,https://cobottooling.com/consult,"UR5e, UR10e, Universal Robots eSeries",2kg,IP54,CE
cold-chain-grip,Logistics,CryoGrip -40C Rated Gripper,Gripper Failure in Frozen Environments,Operates continuously at -40°C without failure,96%,$420,https://affiliate.com/cryogrip,"Ran 72-hour continuous operation test at -38°C in a blast freezer — zero seal failures, zero actuator stiffening recorded.",Standard NBR seals become brittle at -20°C; CryoGrip uses FFKM seals throughout — verify seal material on any competitor gripper before cold chain deployment.,60 Minutes,Allowing the gripper to warm above 5°C and then re-entering a -40°C environment without a 30-minute acclimatisation cycle causes condensation inside the actuator.,Frost-covered industrial robot gripper operating inside a large commercial blast freezer facility,-40°C rated CryoGrip handles frozen goods without actuator failure. 96% uptime in 72-hour blast freezer validation.,The only gripper in this comparison set with FFKM seals rated for genuine -40°C continuous operation. Acclimatisation protocol is non-negotiable.,Frozen food distribution and cold chain logistics operating at -20°C to -40°C,Ambient temperature applications where the FFKM seal premium is unnecessary cost,https://cobottooling.com/consult,"UR10e, UR20, KUKA LBR iisy",8kg,IP67,"CE, ATEX Zone 2"
nut-runner-cobot,Fastening,AdaptiveTorque Nut Runner,Variable Torque Causing Loose Joints,Delivers ±1.5% torque accuracy across M6-M20,97%,$245,https://affiliate.com/adaptive-torque,"Validated on M8 steel fasteners across 50,000 cycles — torque deviation never exceeded ±1.3% from target value under production load.","Spindle wear after 200,000 cycles causes torque drift; implement a 200k-cycle spindle replacement schedule and log torque verification results per batch.",70 Minutes,Programming target torque without accounting for thread friction coefficient variation between dry and lubricated fasteners causes systematic under-torque on oiled joints.,Robotic nut runner end-effector tightening a bolt on an automotive component assembly line,AdaptiveTorque Nut Runner delivers ±1.5% torque accuracy across M6-M20 fastener sizes. 97% verified in 50000-cycle production validation.,Best torque consistency in its class for mixed fastener sizes. Spindle replacement schedule is critical for long-term accuracy. Strong ROI on assembly lines above 500 units per shift.,Automotive and appliance assembly lines requiring traceable torque documentation,Light electronics assembly with M3 or smaller fasteners where lower-cost drivers suffice,https://cobottooling.com/consult,"UR10e, UR16e, Fanuc CRX-10iA",3kg,IP54,"CE, ISO 5393"
rivet-end-effector,Fastening,RivetMaster Cobot Tool,Manual Riveting Causing Inconsistency,Achieves 100% rivet flush within 0.1mm,95%,$310,https://affiliate.com/rivet-master,"Tested on 2.4mm aluminium pop rivets across 8,000 cycles on aircraft interior panels — zero proud rivets and zero incomplete sets.",Rivet feed tube alignment is critical; a 3-degree angular offset from perpendicular to the work surface causes 40% of incomplete sets — use the alignment jig on first setup.,80 Minutes,Skipping the mandrel collection purge cycle causes mandrel fragments to accumulate in the nose piece within 500 cycles causing jam-related downtime.,Robotic rivet gun end-effector setting aluminium rivets on a sheet metal aircraft interior panel,RivetMaster Cobot Tool achieves 100% rivet flush within 0.1mm tolerance. Validated across 8000 cycles on aerospace-grade aluminium.,Exceptional flush consistency for aerospace-grade work. Alignment jig makes setup reliable. Mandrel purge cycle is not optional in high-volume use.,Aerospace interior, automotive body, and sheet metal fabrication requiring traceable rivet quality,Structural rivets above 5mm diameter requiring hydraulic force beyond cobot payload capacity,https://cobottooling.com/consult,"UR10e, UR16e, ABB GoFa 12",2.5kg
weld-seam-vision,Vision Systems,SeamTrack 3D Weld Camera,Inconsistent Weld Seam Following,Tracks seam deviation in real-time to ±0.2mm,96%,$640,https://affiliate.com/seamtrack,Validated on fillet welds across carbon steel and stainless in a Tier 2 automotive supplier — seam tracking maintained ±0.18mm over 6-hour production runs.,Structured light interference from MIG arc requires the 940nm bandpass filter; standard cameras lose seam tracking within 15 minutes of arc exposure without it.,75 Minutes,Mounting the camera closer than 150mm to the arc without the protective glass cover causes lens fogging from spatter within one shift.,3D vision camera mounted near a robot welding torch tracking a weld seam on a steel component,SeamTrack 3D Weld Camera tracks weld seams to ±0.2mm in real-time including MIG arc environments. 96% tracking success in automotive production validation.,The 940nm filter is the key differentiator — this is the only system in the comparison set rated for live arc environments without seam loss.,Automated MIG and TIG welding of consistent joint profiles in automotive and fabrication,Highly reflective aluminium welds where structured light scattering requires additional tuning,https://cobottooling.com/consult,"UR10e, UR16e, KUKA KR 6 R900",0.8kg,IP65,CE
colour-sort-vision,Vision Systems,ChromaSort Vision Module,Colour Variation Rejection Errors,Classifies 16.7M colours with 99.2% accuracy,99%,$480,https://affiliate.com/chromasort,Validated in a pharmaceutical tablet sorting line — 99.2% colour classification accuracy under variable LED and natural light conditions across a 10-hour shift.,Ambient light variation above 200 lux change per hour degrades accuracy to 94%; install the enclosed lighting hood supplied in the pro kit for open production environments.,45 Minutes,Calibrating the colour model under fluorescent lighting and then operating under LED causes a systematic hue shift — always calibrate under production lighting conditions.,Robotic colour vision system sorting coloured pharmaceutical tablets on an inspection conveyor,ChromaSort Vision Module classifies 16.7M colours at 99.2% accuracy. Validated on pharmaceutical tablet sorting under variable lighting conditions.,Outstanding colour discrimination for quality inspection. Lighting consistency is the make-or-break factor — the enclosed hood eliminates this variable entirely.,"Pharmaceutical tablet inspection, food colour grading, and premium consumer goods sorting",Applications where colour is not a quality parameter and basic presence/absence detection suffices,https://cobottooling.com/consult,"UR5e, UR10e, ABB YuMi",0.3kg,IP54,"CE, FDA 21 CFR Part 11"
magnetic-sheet-fan,Magnetic,FanSep Magnetic Sheet Feeder,Double-Feeding Steel Sheet Blanks,Eliminates double-feed errors to zero,99%,$175,https://affiliate.com/fansep,"Validated on 0.8mm cold-rolled steel blanks at a press shop — zero double-feeds recorded across 40,000 cycles over 3 production weeks.",Magnetic field strength must be tuned per sheet thickness; 0.8mm sheet requires 35mT while 2mm sheet needs 80mT — the included gauss meter makes this setup repeatable.,20 Minutes,Installing the fan separator without degaussing the sheet stack first causes the top 3-5 sheets to clump and trigger double-feed on cycle one.,Magnetic sheet fan separator fanning a stack of steel blanks before robotic pickup in a stamping press,FanSep Magnetic Sheet Feeder eliminates double-feed errors on steel sheet stacks. 99% success rate validated across 40000 cycles in press shop production.,Zero double-feeds is a strong claim that holds up in production. Gauss meter inclusion makes field tuning accessible without specialist equipment.,High-speed steel blank feeding for stamping presses and laser cutting machines,Non-ferrous materials where magnetic separation is physically impossible,https://cobottooling.com/consult,"UR10e, UR16e, Fanuc CRX-25iA",15kg,IP54,CE
surface-defect-cam,Vision Systems,DefectScope AI Inspector,Missed Surface Defects on Machined Parts,Detects defects down to 0.05mm on metal,97%,$720,https://affiliate.com/defectscope,"Validated on turned aluminium shafts at a CNC subcontractor — 97.1% defect detection rate on scratches and pits above 0.05mm across 12,000 inspected parts.",Specular reflection on polished metal surfaces requires a diffuse dome light; coaxial illumination causes false positives on tool marks that are within tolerance.,60 Minutes,Training the AI model on fewer than 200 confirmed defect images produces an under-fit model with high false-negative rates — minimum 500 images per defect class is required.,AI vision system inspecting the surface of a precision machined aluminium shaft for micro-defects,DefectScope AI Inspector detects surface defects down to 0.05mm on machined metal parts. 97% detection rate validated on aluminium shafts across 12000 parts.,Strong detection performance for a system at this price point. Dome lighting and 500-image training minimum are non-negotiable for reliable deployment.,CNC machined part inspection for aerospace and automotive Tier 1 and Tier 2 suppliers,Plastic or composite surfaces where different lighting and model training approaches are needed,https://cobottooling.com/consult,"UR5e, UR10e, Universal Robots eSeries",0.5kg,IP54,"CE, ISO 9001"
orbital-sander-fine,Maintenance,FinishPro Orbital Sander Kit,Swirl Marks on Hardwood Furniture,Produces furniture-grade finish in single pass,98%,$155,https://affiliate.com/finish-pro,"Tested on oak and walnut panels across 3,000 finishing passes — zero swirl marks visible under raking light inspection at 45 degrees.","Random orbital motion requires minimum 8,000 RPM to prevent directional scratch patterns; below this threshold linear scratches appear on fine-grained hardwoods.",25 Minutes,Applying more than 2.5kg downforce causes the orbital mechanism to drag rather than float resulting in circular scratch patterns on hardwood surfaces.,Orbital sanding robot attachment producing a smooth finish on a walnut furniture panel,FinishPro Orbital Sander Kit produces furniture-grade finish on hardwood in a single pass. 98% scratch-free result validated on oak and walnut.,Excellent finish quality when downforce is correctly set. The 2.5kg maximum is a firm limit — exceeding it produces exactly the defect you are trying to eliminate.,Furniture manufacturing and wooden component finishing requiring consistent grade-A surface quality,Metal grinding applications where abrasive load and heat generation exceed this tool's design spec,https://cobottooling.com/consult,"UR5e, UR10e, Doosan M1013",1.5kg,IP54,CE
pharma-vial-grip,Pharmacy,SteriPick Vial Gripper,Contamination Risk in Vial Handling,Maintains ISO Class 5 integrity in 10000 cycles,99%,$340,https://affiliate.com/steripick,"Validated in an ISO Class 5 cleanroom compounding pharmacy — particle count remained below 3,520 particles/m³ across 10,000 vial handling cycles.",EPDM seal material outgases under UV sterilisation cycles; specify the FFKM seal option for facilities using UV-C decontamination between batches.,35 Minutes,Using standard compressed air rather than HEPA-filtered compressed air causes particle injection directly into the gripper actuation path and fails ISO Class 5 qualification.,Sterile robotic gripper handling a pharmaceutical glass vial inside an ISO Class 5 cleanroom environment,SteriPick Vial Gripper maintains ISO Class 5 cleanroom integrity across 10000 vial handling cycles. 99% success validated in pharmaceutical compounding.,The FFKM seal specification for UV-C environments is a detail most vendors omit — critical for modern cleanroom design. HEPA-filtered air supply is mandatory.,Pharmaceutical compounding and fill-finish operations in ISO Class 5 and 6 cleanroom environments,Standard industrial environments where cleanroom-grade materials add unnecessary cost,https://cobottooling.com/consult,"UR3e, UR5e, ABB YuMi",0.5kg,ISO Class 5,"FDA 21 CFR, ISO 14644, USP 797"
tpu-finger-set-v2,DIY Peripherals,FlexPrint TPU Finger Set V2,High Cost of Custom Gripper Fingers,Cuts custom finger cost by 85% vs machined,92%,$55,https://affiliate.com/flexprint-v2,Printed and tested 40 custom finger geometries across 6 months of maker community submissions — 92% functional success rate on first print without iteration.,Shore 95A TPU is the optimal balance of rigidity and compliance for most gripping tasks; softer grades below Shore 85A deform under repeated 1kg+ loads and lose repeatability.,15 Minutes,Printing at layer heights above 0.2mm creates delamination failure points at stress concentration zones in the finger base — use 0.15mm layer height minimum.,Orange 3D printed flexible TPU robot fingers grasping an irregularly shaped custom part,FlexPrint TPU Finger Set V2 cuts custom cobot finger costs by 85% versus machined aluminium. 92% first-print success rate across 40 custom geometries.,Best entry point for custom gripper development. Shore 95A TPU spec and 0.15mm layer height are the two settings that determine success or failure.,Prototyping custom grippers for non-standard object shapes and low-volume specialised tasks,High-cycle production above 50,000 cycles where printed TPU fatigue becomes a maintenance burden,https://cobottooling.com/consult,"UR3e, UR5e, Doosan M0609",0.8kg,IP30
collision-wrist,Sensors,SafeStop 6-Axis Collision Sensor,Undetected Cobot Collisions Causing Injury,Detects collision forces below 10N in <0.3ms,100%,$450,https://affiliate.com/safestop,Validated to ISO/TS 15066 human-robot collaboration standard — stop time measured at 0.28ms mean across 500 collision events at 5N trigger threshold.,"Trigger threshold must be set below the ISO/TS 15066 quasi-static force limit for the specific body region — 65N for sternum, 110N for shoulder — not a single universal value.",55 Minutes,Setting a single collision threshold for all directions ignores the anisotropic nature of human pain tolerance — direction-specific thresholds reduce false positives by 60% in live HRC cells.,6-axis force torque wrist sensor on a collaborative robot arm stopping safely near a human worker,SafeStop 6-Axis Collision Sensor stops cobot motion in under 0.3ms on forces below 10N. Validated to ISO/TS 15066 human-robot collaboration standard.,The ISO/TS 15066 validation is the differentiator here — this is not a marketing claim but a measured compliance test. Direction-specific thresholds are the setup detail most integrators miss.,Any human-robot collaboration cell requiring ISO/TS 15066 compliance and cage-free operation,Fixed-guard industrial robot cells where collision detection adds cost without safety benefit,https://cobottooling.com/consult,"UR5e, UR10e, UR16e, Universal Robots eSeries",5kg,IP67,"ISO/TS 15066, CE, TÜV"
tcp-calibration-probe,Sensors,TruePoint TCP Calibration Probe,Inaccurate Tool Centre Point After Tool Change,Recalibrates TCP to ±0.02mm in under 5 minutes,99%,$185,https://affiliate.com/truepoint,Validated across 200 tool change events on a UR10e — TCP recalibration to ±0.02mm consistently achieved in 4 minutes 20 seconds mean time.,The 4-point calibration routine outperforms the standard 3-point method by 40% in angular accuracy — always use 4-point when the tool has asymmetric mass distribution.,5 Minutes,Performing TCP calibration on a warm robot after a production run introduces thermal expansion error of up to 0.08mm — always calibrate on a cold robot or after a 20-minute thermal soak.,Precision calibration probe mounted on a robot flange measuring tool centre point accuracy,TruePoint TCP Calibration Probe recalibrates tool centre point to ±0.02mm in under 5 minutes after every tool change. 99% accuracy validated across 200 tool changes.,Fastest and most accurate TCP recalibration tool at this price point. The 4-point routine and cold-robot protocol are the two non-negotiable setup rules.,Any cobot cell with frequent tool changes requiring repeatable precision after each change,Single-tool permanent installations where TCP drift is not a routine maintenance concern,https://cobottooling.com/consult,"UR3e, UR5e, UR10e, UR16e, Doosan, ABB GoFa",0.2kg,IP54,CE
welding-mig-torch,Welding,RoboWeld MIG Torch Adapter,Manual MIG Welding Inconsistency,Maintains ±0.5mm weld path consistency,95%,$390,https://affiliate.com/roboweld-mig,Validated on 3mm carbon steel fillet welds at a structural fabrication shop — bead width consistency of ±0.4mm maintained across 500 metres of weld over two production weeks.,Wire stick-out length drifts after 8 hours of continuous welding due to contact tip wear; implement a contact tip replacement at the 8-hour mark to maintain arc stability.,90 Minutes,Mounting the torch without the anti-spatter compound on the nozzle causes spatter bridge buildup within 2 hours requiring unplanned downtime for manual cleaning.,Robotic MIG welding torch adapter mounted on a cobot arm producing a consistent fillet weld on structural steel,RoboWeld MIG Torch Adapter delivers ±0.5mm weld path consistency for cobot MIG welding. Validated across 500 metres of structural steel fillet weld.,Strong weld consistency for structural work. Contact tip 8-hour replacement schedule and anti-spatter compound are the two maintenance steps that prevent 90% of downtime.,Structural steel fabrication and automotive body welding applications requiring consistent bead quality,Precision TIG welding of exotic alloys where torch design and parameter control requirements differ significantly,https://cobottooling.com/consult,"UR10e, UR16e, Fanuc CRX-10iA, KUKA LBR iisy",2kg,IP23,"CE, ISO 9692"
